id;full_name;phone_number;date;start_date;end_date
1;demand-driven incubate;navigating Frozen;plug-and-play Mali;2022-09-17;2022-09-16
2;Jewelery;silver Dong;Pine;2022-09-16;2022-09-17
3;program Nevada Missouri;RAM;interface viral Producer;2022-09-16;2022-09-16
4;Technician;mint Chicken compelling;Realigned;2022-09-17;2022-09-17
5;face discrete gold;Operations Buckinghamshire;Salad;2022-09-16;2022-09-16
6;Plastic TCP Health;RAM Naira matrix;web-enabled Central;2022-09-16;2022-09-17
7;Sterling Sleek olive;Table South;SQL;2022-09-16;2022-09-16
8;pink Enhanced;Chicken adapter Libyan;Realigned;2022-09-16;2022-09-16
9;Vermont Savings embrace;magenta Gorgeous mesh;revolutionary green;2022-09-17;2022-09-16
10;drive;white benchmark Multi-layered;Franc;2022-09-16;2022-09-17
